Id, CTS_Code, CTS_Name, CTS_Full_Descriptor
1,"ECCCA","Climate Altering Land Cover Index","Environment, Climate Change, Climate Indicators, Land Cover Accounts, Climate Altering Land Cover Index"
2,"ECCCI","Climate Influence Land","Environment, Climate Change, Climate Indicators, Land Cover Accounts, Climate Influence Land"
3,"ECCCS","Artificial Surfaces (Including Urban and Associated Areas)","Environment, Climate Change, Climate Indicators, Land Cover Accounts, Artificial Surfaces (Including Urban and Associated Areas)"
4,"ECCCG","Grassland","Environment, Climate Change, Climate Indicators, Land Cover Accounts, Grassland"
5,"ECCCH","Herbaceous Crops","Environment, Climate Change, Climate Indicators, Land Cover Accounts, Herbaceous Crops"
6,"ECCCW","Inland Water Bodies","Environment, Climate Change, Climate Indicators, Land Cover Accounts, Inland Water Bodies"
7,"ECCCM","Mangroves","Environment, Climate Change, Climate Indicators, Land Cover Accounts, Mangroves"
8,"ECCCL","Permanent Snow and Glaciers","Environment, Climate Change, Climate Indicators, Land Cover Accounts, Permanent Snow and Glaciers"
9,"ECCCC","Shrub","Covered Areas"
10,"ECCCV","Shrubs and/or Herbaceous Vegetation and Aquatic Or Regularly Flooded","Environment, Climate Change, Climate Indicators, Land Cover Accounts, Shrubs and/or Herbaceous Vegetation and Aquatic Or Regularly Flooded"
11,"ECCCN","Sparsely Natural Vegetated Areas","Environment, Climate Change, Climate Indicators, Land Cover Accounts, Sparsely Natural Vegetated Areas"
12,"ECCCT","Terrestrial Barren Land","Environment, Climate Change, Climate Indicators, Land Cover Accounts, Terrestrial Barren Land"
13,"ECCCE","Tree","Covered Areas"
14,"ECCCR","Woody Crops","Environment, Climate Change, Climate Indicators, Land Cover Accounts, Woody Crops"
15,"ECCS","Surface Temperature Change","Environment, Climate Change, Climate Indicators, Surface Temperature Change"
16,"ECCD","Climate Related Disasters Frequency","Environment, Climate Change, Climate Indicators, Climate Related Disasters Frequency"
17,,,