Id, Value
1,"Climate Altering Land Cover Index"
2,"Total Land Cover"
3,"Artificial surfaces (including urban and associated areas)"
4,"Grassland"
5,"Herbaceous crops"
6,"Inland water bodies"
7,"Mangroves"
8,"Permanent snow and glaciers"
9,"Shrub-covered areas"
10,"Shrubs and/or herbaceous vegetation, aquatic or regularly flooded"
11,"Sparsely natural vegetated areas"
12,"Terrestrial barren land"
13,"Tree-covered areas"
14,"Woody crops"
15,"Temperature change with respect to a baseline climatology, corresponding to the period 1951-1980"
16,"Climate related disasters frequency, Number of Disasters: Drought"
17,"Climate related disasters frequency, Number of Disasters: Extreme temperature"
18,"Climate related disasters frequency, Number of Disasters: Flood"
19,"Climate related disasters frequency, Number of Disasters: Landslide"
20,"Climate related disasters frequency, Number of Disasters: Storm"
21,"Climate related disasters frequency, Number of Disasters: TOTAL"
22,"Climate related disasters frequency, Number of Disasters: Wildfire"
23,"Carbon stocks in forests"
24,"Forest area"
25,"Index of carbon stocks in forests"
26,"Index of forest extent"
27,"Land area"
28,"Share of forest area"
