Id, Value
1,"Food and Agriculture Organization of the United Nations (FAO). 2022. FAOSTAT Land, Inputs and sustainability, Land, Land Cover. License: CC BY-NC-SA 3.0 IGO. Extracted from: https://www.fao.org/faostat/en/#data/LC. Accessed on 2022-09-30; IMF staff calculations."
2,"Food and Agriculture Organization of the United Nations (FAO). 2022. FAOSTAT Climate Change, Climate Indicators, Temperature change. License: CC BY-NC-SA 3.0 IGO. Extracted from: https://www.fao.org/faostat/en/#data/ET. Accessed on 2023-03-28."
3,"The Emergency Events Database (EM-DAT) , Centre for Research on the Epidemiology of Disasters (CRED) / Université catholique de Louvain (UCLouvain), Brussels, Belgium – www.emdat.be. Accessed on 2023-03-31."
4,"Food and Agriculture Organization of the United Nations (FAO), 2022. FAO, 2022 FAOSTAT Land, Inputs and Sustainability, Land Use http://www.fao.org/faostat/en/#data/RL, Rome, FAO. Accessed on: 03-28-2023; IMF staff calculations."
